1,Laurenz V Charming Gruner Veltliner 2013,90,"Kamptal, Austria"
2,Laurenz V Charming Gruner Veltliner 2014,90,"Kamptal, Austria"
3,Laurenz V Singing Gruner Veltliner 2007,90,Austria
4,Laurenz V Singing Gruner Veltliner 2010,88,Austria
5,Laurenz V Singing Gruner Veltliner 2011,88,Austria
6,Laurenz V Singing Gruner Veltliner 2013,89,Austria
7,Lava Cap American River Red,90,"El Dorado, Sierra Foothills, California"
8,Lava Cap Barbera 2010,90,"Sierra Foothills, California"
9,Lava Cap Battonage Chardonnay 2012,91,"Sierra Foothills, California"
10,Lava Cap Cabernet Sauvignon 2013,90,"El Dorado, Sierra Foothills, California"
11,Lava Cap Cabernet Sauvignon 2016,93,"El Dorado, Sierra Foothills, California"
12,Lava Cap Petite Sirah 2013,90,"El Dorado, Sierra Foothills, California"
13,Lava Cap Petite Sirah 2014,92,"El Dorado, Sierra Foothills, California"
14,Lava Cap Petite Sirah 2016,92,"El Dorado, Sierra Foothills, California"
15,Lava Cap Reserve Chardonnay 2015,92,"El Dorado, Sierra Foothills, California"
16,Lava Cap Reserve Chardonnay 2018,92,"El Dorado, Sierra Foothills, California"
17,Lava Cap Reserve Chardonnay 2016,92,"El Dorado, Sierra Foothills, California"
18,Lava Cap Reserve Merlot 2015,90,"El Dorado, Sierra Foothills, California"
19,Lava Cap Sauvignon Blanc 2015,90,"El Dorado, Sierra Foothills, California"
20,Lava Cap Sauvignon Blanc 2017,89,"El Dorado, Sierra Foothills, California"
21,Lava Cap Syrah 2009,91,California
22,Lava Cap Syrah 2014,92,"El Dorado, Sierra Foothills, California"
23,Lava Cap Syrah 2013,92,"El Dorado, Sierra Foothills, California"
24,Lava Vine Winery Knights Valley Reserve Cabernet Sauvignon 2013,92,"Knights Valley, Sonoma County, California"
25,Lava Vine Winery Napa Valley Cabernet Sauvignon 2014,91,"Napa Valley, California"
26,Lava Vine Winery Napa Valley Reserve Cabernet Sauvignon 2012,92,"Napa Valley, California"
27,Lava Vine Winery Napa Valley Reserve Cabernet Sauvignon 2013,92,"Napa Valley, California"
28,Lavau Chateauneuf-du-Pape 2016,92,"Chateauneuf-du-Pape, Rhone, France"
29,Lavau Chateauneuf-du-Pape 2014,91,"Chateauneuf-du-Pape, Rhone, France"
30,Lavau Chateauneuf-du-Pape 2015,91,"Chateauneuf-du-Pape, Rhone, France"
31,Lavau Gigondas 2013,91,"Gigondas, Rhone, France"
32,Lavau Gigondas 2013,91,"Gigondas, Rhone, France"
33,Lavau Gigondas 2014,90,"Gigondas, Rhone, France"
34,Lavau Gigondas 2015,90,"Gigondas, Rhone, France"
35,Lavau Gigondas 2016,92,"Gigondas, Rhone, France"
36,Lavau Rasteau 2015,90,"Rasteau, Rhone, France"
37,Lavau Rasteau 2016,91,"Rasteau, Rhone, France"
38,L-Aventure Cabernet Sauvignon 2006,90,"Paso Robles, Central Coast, California"
39,L-Aventure Chloe 2014,97,"Paso Robles, Central Coast, California"
40,L-Aventure Cote A Cote 2006,96,"Paso Robles, Central Coast, California"
41,L-Aventure Cote A Cote 2007,95,"Paso Robles, Central Coast, California"
42,L-Aventure Cote A Cote 2010,93,"Paso Robles, Central Coast, California"
43,L-Aventure Cote A Cote 2011,96,"Central Coast, California"
44,L-Aventure Cote A Cote 2014,96,"Paso Robles, Central Coast, California"
45,L-Aventure Cote A Cote (slightly stained labels) 2012,96,"Paso Robles, Central Coast, California"
46,L-Aventure Estate Cuvee (1.5 Liter Magnum) 2008,94,"Paso Robles, Central Coast, California"
47,L-Aventure Estate Cuvee 2004,98,"Paso Robles, Central Coast, California"
48,L-Aventure Estate Cuvee 2005,96,"Paso Robles, Central Coast, California"
49,L-Aventure Estate Cuvee 2006,97,"Paso Robles, Central Coast, California"
50,L-Aventure Estate Cuvee 2007,95,"Central Coast, California"
51,L-Aventure Estate Cuvee 2008,94,"Central Coast, California"
52,L-Aventure Estate Cuvee 2010,92,"Paso Robles, Central Coast, California"
53,L-Aventure Estate Cuvee 2011,90,"Paso Robles, Central Coast, California"
54,L-Aventure Estate Cuvee 2013,97,"Central Coast, California"
55,L-Aventure Estate Cuvee 2012,98,"Paso Robles, Central Coast, California"
56,L-Aventure Estate Cuvee 2014,98,"Central Coast, California"
57,L-Aventure Estate Cuvee 2016,99,"Paso Robles, Central Coast, California"
58,L-Aventure Optimus (1.5 Liter Magnum) 2012,94,"Paso Robles, Central Coast, California"
59,L-Aventure Optimus 2005,94,"Central Coast, California"
60,L-Aventure Optimus 2007,95,"Central Coast, California"
61,L-Aventure Optimus 2008,90,"Central Coast, California"
62,L-Aventure Optimus 2011,94,"Central Coast, California"
63,L-Aventure Optimus 2015,93,"Paso Robles, Central Coast, California"
64,L-Aventure Optimus 2016,94,"Willow Creek District, Paso Robles, Central Coast, California"
65,L-Aventure Optimus 2017,93,"Willow Creek District, Paso Robles, Central Coast, California"
66,L-Aventure Optimus 2012,94,"Paso Robles, Central Coast, California"
67,Lavinea Elton Chardonnay 2016,92,"Eola-Amity Hills, Willamette Valley, Oregon"
68,Lavinea Elton Pinot Noir 2016,91,"Eola-Amity Hills, Willamette Valley, Oregon"
69,Lavinea Lazy River Pinot Noir 2016,94,"Yamhill-Carlton District, Willamette Valley, Oregon"
70,Lavinea Nysa Pinot Noir 2016,93,"Dundee Hills, Willamette Valley, Oregon"
71,Lavinea Tualatin Pinot Noir 2016,90,"Willamette Valley, Oregon"
72,Lavinea Tualatin Pinot Noir 2017,90,"Willamette Valley, Oregon"
73,Lavradores de Feitoria Tres Bagos 2003,86,Portugal
74,Lavradores de Feitoria Tres Bagos 2004,89,Portugal
75,Law Estate Wines Audacious 2016,93,"Paso Robles, Central Coast, California"
76,Law Estate Wines Sagacious 2016,93,"Paso Robles, Central Coast, California"
77,Lawson-s Dry Hills Gewurztraminer 2009,90,New Zealand
78,Lawson-s Dry Hills Gewurztraminer 2014,89,"Marlborough, New Zealand"
79,Lawson-s Dry Hills Pinot Noir 2005,90,"Marlborough, New Zealand"
80,Lawson-s Dry Hills Sauvignon Blanc 2014,89,"Marlborough, New Zealand"
81,Layer Cake Cabernet Sauvignon 2010,90,California
82,Layer Cake Chardonnay 2011,88,"Central Coast, California"
83,Layer Cake Garnacha 2011,90,Spain
84,Layer Cake Malbec 2008,91,Argentina
85,Layer Cake Primitivo aka Zinfandel 2008,89,Italy
86,Layer Cake Shiraz 2008,90,"South Australia, Australia"
87,Layer Cake Shiraz 2009,91,"South Australia, Australia"
88,Layer Cake Shiraz 2014,89,"South Australia, Australia"
89,Layer Cake Shiraz 2013,88,"South Australia, Australia"
90,Layer Cake Shiraz 2010,88,"South Australia, Australia"
91,Layer Cake Virgin Chardonnay 2009,87,"Central Coast, California"
92,Le Berne Vino Nobile di Montepulciano 2011,90,"Tuscany, Italy"
93,Le Bonheur Cabernet Sauvignon 1997,87,South Africa
94,Le Bonheur Chardonnay 1999,88,South Africa
95,Le Brun de Neuville Authentique Brut Assemblage,90,"Champagne, France"
96,Le Cadeau Vineyard Diversite Pinot Noir 2014,93,"Willamette Valley, Oregon"
97,Le Cadeau Vineyard Diversite Pinot Noir 2015,91,"Willamette Valley, Oregon"
98,Le Cadeau Vineyard Rocheux Pinot Noir 2015,90,"Willamette Valley, Oregon"
99,Le Cadeau Vineyard Rocheux Pinot Noir 2016,90,"Willamette Valley, Oregon"
100,Le Cadeau Vineyard Rocheux Reserve Pinot Noir 2014,94,"Willamette Valley, Oregon"
101,Le Carre 2007,90,"St. Emilion, Bordeaux, France"
102,Le Carre 2008,92,"St. Emilion, Bordeaux, France"
103,Le Carre 2009,92,"St. Emilion, Bordeaux, France"
104,Le Carre 2010,93,"St. Emilion, Bordeaux, France"
105,Le Carre 2011,91,"St. Emilion, Bordeaux, France"
106,Le Carre 2012,91,"St. Emilion, Bordeaux, France"
107,Le Casematte Faro 2014,93,"Sicily, Italy"
108,Le Casematte Faro 2013,91,"Sicily, Italy"
109,Le Casematte Faro 2016,91,"Sicily, Italy"
110,Le Casematte Nero d-Avola 2015,89,"Sicily, Italy"
111,Le Casematte Peloro Rosso 2014,91,"Sicily, Italy"
112,Le Casematte Peloro Rosso 2015,92,"Sicily, Italy"
113,Le Casematte Peloro Bianco 2017,91,"Sicily, Italy"
114,Le Casematte Peloro Rosso 2017,91,"Sicily, Italy"
115,Le Charmel Rhone Blend 2011,89,"Rhone, France"
116,Le Chiuse Brunello di Montalcino 2008,90,"Montalcino, Tuscany, Italy"
117,Le Chiuse Brunello di Montalcino 2010,91,"Montalcino, Tuscany, Italy"
118,Le Chiuse Brunello di Montalcino 2011,91,"Montalcino, Tuscany, Italy"
119,Le Chiuse Brunello di Montalcino 2012,92,"Montalcino, Tuscany, Italy"
120,Le Chiuse Brunello di Montalcino 2013,96,"Montalcino, Tuscany, Italy"
121,Le Chiuse Brunello di Montalcino 2015,95,"Montalcino, Tuscany, Italy"
122,Le Chiuse Brunello di Montalcino (375ML half-bottle) 2011,91,"Montalcino, Tuscany, Italy"
123,Le Chiuse Brunello di Montalcino (375ML half-bottle) 2013,96,"Montalcino, Tuscany, Italy"
124,Le Chiuse Brunello di Montalcino (375ML half-bottle) 2012,92,"Montalcino, Tuscany, Italy"
125,Le Chiuse Brunello di Montalcino Riserva 2006,93,"Montalcino, Tuscany, Italy"
126,Le Chiuse Brunello di Montalcino Riserva 2009,90,"Montalcino, Tuscany, Italy"
127,Le Chiuse Rosso di Montalcino 2015,90,"Montalcino, Tuscany, Italy"
128,Le Chiuse Rosso di Montalcino 2017,92,"Montalcino, Tuscany, Italy"
129,Le Cirque Grenache Gris 2014,90,France
130,Le Cirque Grenache Gris 2015,89,France
131,Le Cirque Rouge 2014,90,France
132,Le Clos d-un Jour Un Jour sur Terre Cahors 2005,92,"Cahors, Southwest, France"
133,Le Colture Brut Rose,90,"Prosecco, Italy"
134,Le Colture Fagher Prosecco Superiore Brut,90,"Valdobbiadene, Prosecco, Italy"
135,Le Colture Prosecco Superiore di Cartizze,90,"Valdobbiadene, Prosecco, Italy"
136,Le Corti Chianti Classico 2011,90,"Chianti Classico, Chianti, Tuscany, Italy"
137,Le Corti Chianti Classico 2012,90,"Chianti Classico, Chianti, Tuscany, Italy"
138,Le Corti Chianti Classico 2013,91,"Chianti Classico, Chianti, Tuscany, Italy"
139,Le Corti Don Tommaso Chianti Classico 2007,92,"Chianti Classico, Chianti, Tuscany, Italy"
140,Le Corti Chianti Classico 2016,91,"Chianti Classico, Chianti, Tuscany, Italy"
141,Le Corti Don Tommaso Chianti Classico 2008,92,"Chianti Classico, Chianti, Tuscany, Italy"
142,Le Corti Don Tommaso Chianti Classico 2013,91,"Chianti Classico, Chianti, Tuscany, Italy"
143,Le Corti Don Tommaso Chianti Classico 2014,91,"Chianti Classico, Chianti, Tuscany, Italy"
144,Le Corti Don Tommaso Chianti Classico 2009,90,"Chianti Classico, Chianti, Tuscany, Italy"
145,Le Corti Tenuta Birillo Rosso 2010,92,"Tuscany, Italy"
146,Le Domaine D-Henri Chablis Fourchaume Premier Cru 2014,91,"Chablis, Burgundy, France"
147,Le Domaine D-Henri Chablis Fourchaume Premier Cru 2015,91,"Chablis, Burgundy, France"
148,Le Domaine D-Henri Chablis Fourchaume Premier Cru Vieilles Vignes 2014,93,"Chablis, Burgundy, France"
149,Le Dome 2006,93,"St. Emilion, Bordeaux, France"
150,Le Dome 2008,94,"St. Emilion, Bordeaux, France"
151,Le Dome 2009,91,"St. Emilion, Bordeaux, France"
152,Le Dome 2011,91,"St. Emilion, Bordeaux, France"
153,Le Dome 2012,92,"St. Emilion, Bordeaux, France"
154,Le Due Terre Colli Orientali del Friuli Sacrisassi 2005,95,"Friuli-Venezia Giulia, Italy"
155,Le Due Terre Colli Orientali del Friuli Sacrisassi 2007,90,"Friuli-Venezia Giulia, Italy"
156,Le Dome 2016,98,"St. Emilion, Bordeaux, France"
157,Le Dome 2010,93,"St. Emilion, Bordeaux, France"
158,Le Dome 2014,91,"St. Emilion, Bordeaux, France"
159,Le Fonti Chianti Classico 2009,90,"Chianti Classico, Chianti, Tuscany, Italy"
160,Le Grand Courtage Blanc de Blancs Brut Bedazzled Bottle,89,France
161,Le Grand Courtage Rose Brut Bedazzled Bottle,89,France
162,Le Jas des Papes Chateauneuf-du-Pape 2010,91,"Chateauneuf-du-Pape, Rhone, France"
163,Le Macchiole (1.5 Liter Magnum) 2013,90,"Bolgheri, Tuscany, Italy"
164,Le Macchiole 1999,90,"Bolgheri, Tuscany, Italy"
165,Le Macchiole 2006,90,"Bolgheri, Tuscany, Italy"
166,Le Macchiole 2005,91,"Bolgheri, Tuscany, Italy"
167,Le Macchiole 2008,90,"Bolgheri, Tuscany, Italy"
168,Le Macchiole 2006,91,"Bolgheri, Tuscany, Italy"
169,Le Macchiole 2009,89,"Bolgheri, Tuscany, Italy"
170,Le Macchiole 2010,93,"Bolgheri, Tuscany, Italy"
171,Le Macchiole 2013,90,"Bolgheri, Tuscany, Italy"
172,Le Macchiole Messorio (1.5 Liter Magnum) 2010,92,"Tuscany, Italy"
173,Le Macchiole 2012,90,"Bolgheri, Tuscany, Italy"
174,Le Macchiole Messorio 2000,92,"Tuscany, Italy"
175,Le Macchiole Messorio 2002,94,"Tuscany, Italy"
176,Le Macchiole Messorio 2003,93,"Tuscany, Italy"
177,Le Macchiole Messorio 2005,90,"Tuscany, Italy"
178,Le Macchiole Messorio 2007,93,"Tuscany, Italy"
179,Le Macchiole Messorio 2009,93,"Tuscany, Italy"
180,Le Macchiole Messorio 2010,92,"Tuscany, Italy"
181,Le Macchiole Messorio 2012,94,"Tuscany, Italy"
182,Le Macchiole Messorio 2011,93,"Tuscany, Italy"
183,Le Macchiole Messorio 2013,93,"Tuscany, Italy"
184,Le Macchiole Messorio 2014,92,"Tuscany, Italy"
185,Le Macchiole Paleo (1.5 Liter Magnum) 2007,91,"Tuscany, Italy"
186,Le Macchiole Paleo (1.5 Liter Magnum) 2009,93,"Tuscany, Italy"
187,Le Macchiole Paleo (1.5 Liter Magnum) 2011,92,"Tuscany, Italy"
188,Le Macchiole Paleo 1998,91,"Tuscany, Italy"
189,Le Macchiole Paleo 2003,93,"Tuscany, Italy"
190,Le Macchiole Paleo 2001,92,"Tuscany, Italy"
191,Le Macchiole Paleo 2004,94,"Tuscany, Italy"
192,Le Macchiole Paleo 2005,93,"Tuscany, Italy"
193,Le Macchiole Paleo 2007,91,"Tuscany, Italy"
194,Le Macchiole Paleo 2008,90,"Tuscany, Italy"
195,Le Macchiole Paleo 2009,93,"Tuscany, Italy"
196,Le Macchiole Paleo 2010,93,"Tuscany, Italy"
197,Le Macchiole Paleo 2011,92,"Tuscany, Italy"
198,Le Macchiole Paleo 2012,93,"Tuscany, Italy"
199,Le Macchiole Paleo 2013,92,"Tuscany, Italy"
200,Le Macchiole Paleo 2014,91,"Tuscany, Italy"
201,Le Macchiole Paleo (3 Liter Bottle) 2011,92,"Tuscany, Italy"
202,Le Macchiole Paleo Bianco 2007,90,"Tuscany, Italy"
203,Le Macchiole Paleo Bianco 2013,91,"Tuscany, Italy"
204,Le Macchiole Paleo Bianco 2015,93,"Tuscany, Italy"
205,Le Macchiole Paleo Bianco 2016,93,"Tuscany, Italy"
206,Le Macchiole Paleo Bianco 2017,92,"Tuscany, Italy"
207,Le Macchiole Scrio 2004,92,"Tuscany, Italy"
208,Le Macchiole Scrio 2001,90,"Tuscany, Italy"
209,Le Macchiole Scrio 2005,90,"Tuscany, Italy"
210,Le Macchiole Scrio 2006,92,"Tuscany, Italy"
211,Le Macchiole Scrio 2010,91,"Tuscany, Italy"
212,Le Macchiole Scrio 2012,91,"Tuscany, Italy"
213,Le Macchiole Scrio 2011,90,"Tuscany, Italy"
214,Le Macchiole Scrio 2013,91,"Tuscany, Italy"
215,Le Mistral 2008,92,"Central Coast, California"
216,Le Paradou Grenache 2012,90,"Rhone, France"
217,Le Macchiole Scrio 2015,93,"Tuscany, Italy"
218,Le Potazzine Gorelli Brunello di Montalcino 1997,93,"Montalcino, Tuscany, Italy"
219,Le Potazzine Gorelli Brunello di Montalcino 2008,90,"Montalcino, Tuscany, Italy"
220,Le Potazzine Gorelli Brunello di Montalcino 2009,90,"Montalcino, Tuscany, Italy"
221,Le Potazzine Gorelli Brunello di Montalcino 2011,91,"Montalcino, Tuscany, Italy"
222,Le Potazzine Gorelli Brunello di Montalcino 2010,94,"Montalcino, Tuscany, Italy"
223,Le Potazzine Gorelli Brunello di Montalcino 2012,96,"Montalcino, Tuscany, Italy"
224,Le Potazzine Rosso di Montalcino 2012,90,"Montalcino, Tuscany, Italy"
225,Le Potazzine Gorelli Brunello di Montalcino 2013,93,"Montalcino, Tuscany, Italy"
226,Le Potazzine Rosso di Montalcino 2014,90,"Montalcino, Tuscany, Italy"
227,Le Potazzine Rosso di Montalcino 2015,92,"Montalcino, Tuscany, Italy"
228,Le Potazzine Rosso di Montalcino 2017,91,"Montalcino, Tuscany, Italy"
229,Le P-tit Paysan Jack-s Hill Chardonnay 2011,92,"Monterey, Central Coast, California"
230,Le P-tit Paysan Jack-s Hill Chardonnay 2013,92,"Central Coast, California"
231,Le P-tit Paysan Jack-s Hill Chardonnay 2015,89,"Monterey, Central Coast, California"
232,Le P-tit Paysan La Marea Albarino 2014,92,"Central Coast, California"
233,Le P-tit Paysan La Marea Albarino 2015,89,"Central Coast, California"
438,Leese-Fitch Sauvignon Blanc 2017,89,California
234,Le P-tit Paysan La Marea Grenache 2013,90,"Central Coast, California"
235,Le P-tit Paysan Le P-tit Pape 2011,90,"San Benito, Central Coast, California"
236,Le P-tit Paysan Le P-tit Pape 2013,90,"San Benito, Central Coast, California"
237,Le P-tit Paysan Le P-tit Pape 2012,91,"Central Coast, California"
238,Le P-tit Paysan Le P-tit Pape 2014,89,"San Benito, Central Coast, California"
239,Le P-tit Paysan Le P-tit Pape 2015,91,"San Benito, Central Coast, California"
240,Le P-tit Paysan Le P-tit Pape 2016,90,"Central Coast, California"
241,Le P-tit Paysan Le P-tit Pape 2017,93,"Central Coast, California"
242,Le P-tit Paysan Petite Sirah 2011,91,"Monterey, Central Coast, California"
243,Le P-tit Paysan Petite Sirah 2013,91,"Monterey, Central Coast, California"
244,Le P-tit Paysan Rose 2018,92,"Central Coast, California"
245,Le Ragnaie Brunello di Montalcino 2010,93,"Montalcino, Tuscany, Italy"
246,Le Ragose Amarone Della Valpolicella 2004,92,"Valpolicella, Veneto, Italy"
247,Le Ragose Amarone Della Valpolicella 2005,90,"Valpolicella, Veneto, Italy"
248,Le Roi des Pierres Sancerre 2014,90,"Sancerre, Loire, France"
249,Le Roi des Pierres Sancerre 2015,90,"Sancerre, Loire, France"
250,Le Roi des Pierres Sancerre 2016,91,"Sancerre, Loire, France"
251,Le Roi des Pierres Sancerre Rose 2016,90,"Sancerre, Loire, France"
252,Le Salette Amarone Classico 2011,90,"Veneto, Italy"
253,Le Salette Amarone Classico 2012,91,"Veneto, Italy"
254,Le Salette Amarone Classico 2013,91,"Veneto, Italy"
255,Le Salette Amarone della Valpolicella Pergole Vece Recioto (500ML) 2011,93,"Valpolicella, Veneto, Italy"
256,Le Salette La Marega Amarone 2011,91,"Veneto, Italy"
257,Le Salette La Marega Amarone 2012,90,"Veneto, Italy"
258,Le Salette La Marega Amarone 2013,93,"Veneto, Italy"
259,Le Salette Pergole Vece Amarone 2008,93,"Veneto, Italy"
260,Le Salette Pergole Vece Amarone 2011,91,"Veneto, Italy"
261,Le Salette Pergole Vece Amarone 2012,93,"Veneto, Italy"
262,Le Salette Pergole Vece Amarone 2015,95,"Veneto, Italy"
263,Le Salette Valpolicella Classico 2012,88,"Valpolicella, Veneto, Italy"
264,Le Terrazze Rosso Conero 2009,90,"Marche, Italy"
265,Le Vieux Donjon Chateauneuf-du-Pape (1.5 Liter Magnum) 2003,95,"Chateauneuf-du-Pape, Rhone, France"
266,Le Vieux Donjon Chateauneuf-du-Pape (1.5 Liter Magnum) 2005,93,"Chateauneuf-du-Pape, Rhone, France"
267,Le Vieux Donjon Chateauneuf-du-Pape (1.5 Liter Magnum) 2012,92,"Chateauneuf-du-Pape, Rhone, France"
268,Le Vieux Donjon Chateauneuf-du-Pape (1.5 Liter Magnum) 2015,93,"Chateauneuf-du-Pape, Rhone, France"
269,Le Vieux Donjon Chateauneuf-du-Pape 2001,94,"Chateauneuf-du-Pape, Rhone, France"
270,Le Vieux Donjon Chateauneuf-du-Pape 2003,94,"Chateauneuf-du-Pape, Rhone, France"
271,Le Vieux Donjon Chateauneuf-du-Pape 2006,91,"Chateauneuf-du-Pape, Rhone, France"
272,Le Vieux Donjon Chateauneuf-du-Pape 2007,96,"Chateauneuf-du-Pape, Rhone, France"
273,Le Vieux Donjon Chateauneuf-du-Pape 2012,92,"Chateauneuf-du-Pape, Rhone, France"
274,Le Vieux Donjon Chateauneuf-du-Pape 2013,90,"Chateauneuf-du-Pape, Rhone, France"
275,Le Vieux Donjon Chateauneuf-du-Pape 2016,94,"Chateauneuf-du-Pape, Rhone, France"
276,Le Vieux Donjon Chateauneuf-du-Pape (375ML half-bottle) 2006,93,"Chateauneuf-du-Pape, Rhone, France"
277,Le Vieux Donjon Chateauneuf-du-Pape (375ML half-bottle) 2012,92,"Chateauneuf-du-Pape, Rhone, France"
278,Le Vieux Donjon Chateauneuf-du-Pape Blanc 2006,91,"Chateauneuf-du-Pape, Rhone, France"
279,Le Vigne di Eli Etna Bianco 2012,91,"Sicily, Italy"
280,Le Vigne di Eli Etna Rosso 2012,91,Italy
281,Le Vigne di Eli Moganazzi-Volta Sciara Etna Rosso 2014,91,"Sicily, Italy"
282,Le Vigne di Eli Moganazzi-Volta Sciara Etna Rosso 2016,92,"Sicily, Italy"
283,Le Vigne Winery Paso Robles Cabernet Sauvignon 2016,91,"Paso Robles, Central Coast, California"
284,Lea Wines Sta. Rita Hills Pinot Noir 2013,91,"Sta. Rita Hills, Santa Barbara, Central Coast, California"
285,Lea Wines Sta. Rita Hills Pinot Noir 2014,92,"Sta. Rita Hills, Santa Barbara, Central Coast, California"
286,Leacock-s 10 Year Bual Madiera,88,Portugal
287,Leacock-s Bual 1966,92,Portugal
288,Leacock-s Rainwater Madeira,90,"Madeira, Portugal"
289,Leaping Lizard Cabernet Sauvignon 2007,90,"Napa Valley, California"
290,Leasingham Bin 61 Shiraz 1997,90,Australia
291,Leasingham Bin 61 Shiraz 1999,90,Australia
292,Leasingham Bin 61 Shiraz 2001,90,Australia
293,Leasingham Bin 61 Shiraz 2002,90,Australia
294,Leasingham Bin 61 Shiraz 2000,90,Australia
295,Leasingham Bin 61 Shiraz 1998,91,Australia
296,Leasingham Bin 7 Riesling 2001,87,"Clare Valley, South Australia, Australia"
297,Leasingham Bin 7 Riesling 2003,89,"Clare Valley, South Australia, Australia"
298,Leasingham Bin 7 Riesling 2004,90,"Clare Valley, South Australia, Australia"
299,Leasingham Bin 7 Riesling 2005,91,"Clare Valley, South Australia, Australia"
300,Leasingham Clare Classic Cabernet Sauvignon 1997,90,"Clare Valley, South Australia, Australia"
301,Leasingham Clare Classic Shiraz 1997,91,Australia
302,Leasingham Clare Classic Shiraz 1998,92,Australia
303,Leasingham Clare Classic Shiraz 2001,92,Australia
304,Leasingham Clare Valley Bin 56 Cabernet Sauvignon 1999,90,"Clare Valley, South Australia, Australia"
305,Leasingham Magnus Riesling 2003,87,"Clare Valley, South Australia, Australia"
306,Leasingham Magnus Riesling 2006,90,"Clare Valley, South Australia, Australia"
307,Leasingham Magnus Riesling 2007,91,"Clare Valley, South Australia, Australia"
308,Leasingham Magnus Riesling 2004,89,"Clare Valley, South Australia, Australia"
309,Lecheneaut Gevrey-Chambertin 2015,93,"Gevrey-Chambertin, Cote de Nuits, Cote d-Or, Burgundy, France"
310,Lecheneaut Gevrey-Chambertin 2014,90,"Gevrey-Chambertin, Cote de Nuits, Cote d-Or, Burgundy, France"
311,Lecheneaut Morey-Saint-Denis 2012,90,"Morey-St-Denis, Cote de Nuits, Cote d-Or, Burgundy, France"
312,Lecheneaut Morey-Saint-Denis 2016,90,"Morey-St-Denis, Cote de Nuits, Cote d-Or, Burgundy, France"
313,Lecheneaut Morey-St-Denis 2014,91,"Morey-St-Denis, Cote de Nuits, Cote d-Or, Burgundy, France"
314,Lecheneaut Morey-St-Denis 2015,93,"Morey-St-Denis, Cote de Nuits, Cote d-Or, Burgundy, France"
315,Lecheneaut Nuits-St. Georges 2014,92,"Nuits-St-Georges, Cote de Nuits, Cote d-Or, Burgundy, France"
316,Lecheneaut Nuits-St. Georges 2015,93,"Nuits-St-Georges, Cote de Nuits, Cote d-Or, Burgundy, France"
317,Lecheneaut Nuits-St. Georges Damodes Premier Cru 2011,91,"Burgundy, France"
318,Lecheneaut Nuits-St. Georges Damodes Premier Cru 2014,93,"Burgundy, France"
319,Lecheneaut Nuits-St. Georges Damodes Premier Cru 2015,94,"Nuits-St-Georges, Cote de Nuits, Cote d-Or, Burgundy, France"
320,Lecheneaut Nuits-St. Georges Damodes Premier Cru 2016,95,"Burgundy, France"
321,Lecheneaut Nuits-St-Georges Les Pruliers Premier Cru 2015,95,"Nuits-St-Georges, Cote de Nuits, Cote d-Or, Burgundy, France"
322,L-Ecole 41 Barrel Fermented Semillon 2002,90,"Columbia Valley, Washington"
323,L-Ecole 41 Barrel Fermented Semillon 2004,91,"Columbia Valley, Washington"
324,L-Ecole 41 Chardonnay 2004,87,"Columbia Valley, Washington"
325,L-Ecole 41 Chardonnay 2006,91,"Columbia Valley, Washington"
326,L-Ecole 41 Chardonnay 2005,90,"Columbia Valley, Washington"
327,L-Ecole 41 Chardonnay 2008,88,"Columbia Valley, Washington"
328,L-Ecole 41 Chardonnay 2009,90,"Columbia Valley, Washington"
329,L-Ecole 41 Chardonnay 2007,90,"Columbia Valley, Washington"
330,L-Ecole 41 Chardonnay 2012,90,"Columbia Valley, Washington"
331,L-Ecole 41 Chardonnay 2013,91,"Columbia Valley, Washington"
332,L-Ecole 41 Chardonnay 2014,90,"Columbia Valley, Washington"
333,L-Ecole 41 Chardonnay 2015,90,"Columbia Valley, Washington"
334,L-Ecole 41 Chardonnay 2016,91,"Columbia Valley, Washington"
335,L-Ecole 41 Chardonnay 2018,89,"Columbia Valley, Washington"
336,L-Ecole 41 Columbia Valley Cabernet Sauvignon 2007,90,"Columbia Valley, Washington"
337,L-Ecole 41 Columbia Valley Cabernet Sauvignon 2011,91,"Columbia Valley, Washington"
338,L-Ecole 41 Columbia Valley Cabernet Sauvignon 2012,92,"Columbia Valley, Washington"
339,L-Ecole 41 Columbia Valley Cabernet Sauvignon 2015,90,"Columbia Valley, Washington"
340,L-Ecole 41 Columbia Valley Merlot 2000,88,"Columbia Valley, Washington"
341,L-Ecole 41 Columbia Valley Merlot 2003,88,"Columbia Valley, Washington"
342,L-Ecole 41 Columbia Valley Merlot 2004,90,"Columbia Valley, Washington"
343,L-Ecole 41 Columbia Valley Merlot 2005,90,"Columbia Valley, Washington"
344,L-Ecole 41 Columbia Valley Merlot 2006,87,"Columbia Valley, Washington"
345,L-Ecole 41 Columbia Valley Merlot 2007,91,"Columbia Valley, Washington"
346,L-Ecole 41 Columbia Valley Merlot 2010,89,"Columbia Valley, Washington"
347,L-Ecole 41 Columbia Valley Merlot 2011,91,"Columbia Valley, Washington"
348,L-Ecole 41 Columbia Valley Merlot 2012,90,"Columbia Valley, Washington"
349,L-Ecole 41 Columbia Valley Merlot 2013,90,"Columbia Valley, Washington"
350,L-Ecole 41 Columbia Valley Merlot 2008,89,"Columbia Valley, Washington"
351,L-Ecole 41 Columbia Valley Merlot 2014,89,"Columbia Valley, Washington"
352,L-Ecole 41 Columbia Valley Merlot 2016,90,"Columbia Valley, Washington"
353,L-Ecole 41 Columbia Valley Syrah 2012,91,"Columbia Valley, Washington"
354,L-Ecole 41 Columbia Valley Syrah 2014,91,"Columbia Valley, Washington"
355,L-Ecole 41 Columbia Valley Syrah 2013,90,"Columbia Valley, Washington"
356,L-Ecole 41 Columbia Valley Syrah 2015,90,"Columbia Valley, Washington"
357,L-Ecole 41 Columbia Valley Syrah 2016,90,"Columbia Valley, Washington"
358,L-Ecole 41 Ferguson Estate Red 2012,92,"Walla Walla Valley, Columbia Valley, Washington"
359,L-Ecole 41 Ferguson Estate Red 2013,92,"Walla Walla Valley, Columbia Valley, Washington"
360,L-Ecole 41 Ferguson Estate Red 2014,91,"Walla Walla Valley, Columbia Valley, Washington"
361,L-Ecole 41 Ferguson Estate Red 2017,92,"Walla Walla Valley, Columbia Valley, Washington"
362,L-Ecole 41 Fries Vineyard Semillon 2002,90,"Columbia Valley, Washington"
363,L-Ecole 41 Fries Vineyard Semillon 2003,93,"Columbia Valley, Washington"
364,L-Ecole 41 Luminesce Seven Hills Vineyard 2007,90,"Walla Walla Valley, Columbia Valley, Washington"
365,L-Ecole 41 Luminesce Seven Hills Vineyard 2008,90,"Walla Walla Valley, Columbia Valley, Washington"
366,L-Ecole 41 Luminesce Seven Hills Vineyard 2009,91,"Walla Walla Valley, Columbia Valley, Washington"
367,L-Ecole 41 Luminesce Seven Hills Vineyard 2010,90,"Walla Walla Valley, Columbia Valley, Washington"
368,L-Ecole 41 Luminesce Seven Hills Vineyard 2012,90,"Walla Walla Valley, Columbia Valley, Washington"
369,L-Ecole 41 Luminesce Seven Hills Vineyard 2011,90,"Walla Walla Valley, Columbia Valley, Washington"
370,L-Ecole 41 Luminesce Seven Hills Vineyard 2013,92,"Walla Walla Valley, Columbia Valley, Washington"
371,L-Ecole 41 Luminesce Seven Hills Vineyard 2014,91,"Walla Walla Valley, Columbia Valley, Washington"
439,Leese-Fitch Zinfandel 2016,89,California
372,L-Ecole 41 Luminesce Seven Hills Vineyard 2016,90,"Walla Walla Valley, Columbia Valley, Washington"
373,L-Ecole 41 Old Vines Chenin Blanc 2011,91,"Columbia Valley, Washington"
374,L-Ecole 41 Old Vines Chenin Blanc 2010,91,Washington
375,L-Ecole 41 Old Vines Chenin Blanc 2014,90,"Columbia Valley, Washington"
376,L-Ecole 41 Old Vines Chenin Blanc 2013,90,"Columbia Valley, Washington"
377,L-Ecole 41 Old Vines Chenin Blanc 2012,92,"Columbia Valley, Washington"
378,L-Ecole 41 Old Vines Chenin Blanc 2015,90,"Columbia Valley, Washington"
379,L-Ecole 41 Old Vines Chenin Blanc 2016,90,"Columbia Valley, Washington"
380,L-Ecole 41 Pepper Bridge Vineyard Apogee 2001,94,"Walla Walla Valley, Columbia Valley, Washington"
381,L-Ecole 41 Pepper Bridge Vineyard Apogee 2006,91,"Walla Walla Valley, Columbia Valley, Washington"
382,L-Ecole 41 Pepper Bridge Vineyard Apogee 2008,91,"Walla Walla Valley, Columbia Valley, Washington"
383,L-Ecole 41 Pepper Bridge Vineyard Apogee 2007,91,"Walla Walla Valley, Columbia Valley, Washington"
384,L-Ecole 41 Pepper Bridge Vineyard Apogee 2012,91,"Walla Walla Valley, Columbia Valley, Washington"
385,L-Ecole 41 Pepper Bridge Vineyard Apogee 2013,91,"Walla Walla Valley, Columbia Valley, Washington"
386,L-Ecole 41 Pepper Bridge Vineyard Apogee 2014,90,"Walla Walla Valley, Columbia Valley, Washington"
387,L-Ecole 41 Semillon 2005,90,"Columbia Valley, Washington"
388,L-Ecole 41 Semillon 2006,90,"Columbia Valley, Washington"
389,L-Ecole 41 Semillon 2007,90,"Columbia Valley, Washington"
390,L-Ecole 41 Semillon 2008,90,"Columbia Valley, Washington"
391,L-Ecole 41 Semillon 2010,87,"Columbia Valley, Washington"
392,L-Ecole 41 Semillon 2009,91,"Columbia Valley, Washington"
393,L-Ecole 41 Semillon 2012,90,"Columbia Valley, Washington"
394,L-Ecole 41 Semillon 2013,90,"Columbia Valley, Washington"
395,L-Ecole 41 Semillon 2015,89,"Columbia Valley, Washington"
396,L-Ecole 41 Semillon 2018,91,"Columbia Valley, Washington"
397,L-Ecole 41 Seven Hills Vineyard Estate Syrah 2001,92,"Walla Walla Valley, Columbia Valley, Washington"
398,L-Ecole 41 Seven Hills Vineyard Estate Syrah 2011,90,"Walla Walla Valley, Columbia Valley, Washington"
399,L-Ecole 41 Seven Hills Vineyard Estate Syrah 2014,90,"Walla Walla Valley, Columbia Valley, Washington"
400,L-Ecole 41 Seven Hills Vineyard Estate Syrah 2015,90,"Walla Walla Valley, Columbia Valley, Washington"
401,L-Ecole 41 Seven Hills Vineyard Merlot 2000,92,"Walla Walla Valley, Columbia Valley, Washington"
402,L-Ecole 41 Seven Hills Vineyard Merlot 2001,92,"Walla Walla Valley, Columbia Valley, Washington"
403,L-Ecole 41 Seven Hills Vineyard Merlot 2000,91,"Walla Walla Valley, Columbia Valley, Washington"
404,L-Ecole 41 Seven Hills Vineyard Merlot 2002,90,"Walla Walla Valley, Columbia Valley, Washington"
405,L-Ecole 41 Seven Hills Vineyard Merlot 2005,91,"Walla Walla Valley, Columbia Valley, Washington"
406,L-Ecole 41 Seven Hills Vineyard Merlot 2007,91,"Walla Walla Valley, Columbia Valley, Washington"
407,L-Ecole 41 Seven Hills Vineyard Perigee 2002,94,"Walla Walla Valley, Columbia Valley, Washington"
408,L-Ecole 41 Seven Hills Vineyard Perigee 2007,92,"Walla Walla Valley, Columbia Valley, Washington"
409,L-Ecole 41 Seven Hills Vineyard Perigee 2011,90,"Walla Walla Valley, Columbia Valley, Washington"
410,L-Ecole 41 Seven Hills Vineyard Perigee 2012,90,"Walla Walla Valley, Columbia Valley, Washington"
411,L-Ecole 41 Seven Hills Vineyard Perigee 2014,90,"Walla Walla Valley, Columbia Valley, Washington"
412,L-Ecole 41 Seven Hills Vineyard Perigee 2015,91,"Walla Walla Valley, Columbia Valley, Washington"
413,L-Ecole 41 Seven Hills Vineyard Perigee 2013,90,"Walla Walla Valley, Columbia Valley, Washington"
414,L-Ecole 41 Walla Voila Chenin Blanc 2009,90,Washington
415,L-Ecole 41 Walla Walla Valley Cabernet Sauvignon 1998,90,"Walla Walla Valley, Columbia Valley, Washington"
416,L-Ecole 41 Walla Walla Valley Cabernet Sauvignon 2000,92,"Walla Walla Valley, Columbia Valley, Washington"
417,L-Ecole 41 Walla Walla Valley Cabernet Sauvignon 2001,92,"Walla Walla Valley, Columbia Valley, Washington"
418,L-Ecole 41 Walla Walla Valley Cabernet Sauvignon 2007,91,"Walla Walla Valley, Columbia Valley, Washington"
419,L-Ecole 41 Walla Walla Valley Cabernet Sauvignon 2009,90,"Walla Walla Valley, Columbia Valley, Washington"
420,L-Ecole 41 Walla Walla Valley Cabernet Sauvignon 2010,90,"Walla Walla Valley, Columbia Valley, Washington"
421,L-Ecole 41 Walla Walla Valley Cabernet Sauvignon 2011,92,"Walla Walla Valley, Columbia Valley, Washington"
422,L-Ecole 41 Walla Walla Valley Cabernet Sauvignon 2012,90,"Walla Walla Valley, Columbia Valley, Washington"
423,L-Ecole 41 Walla Walla Valley Cabernet Sauvignon 2013,90,"Walla Walla Valley, Columbia Valley, Washington"
424,L-Ecole 41 Walla Walla Valley Cabernet Sauvignon 2014,91,"Walla Walla Valley, Columbia Valley, Washington"
425,L-Ecole 41 Walla Walla Valley Cabernet Sauvignon 2016,90,"Walla Walla Valley, Columbia Valley, Washington"
426,L-Ecole 41 Walla Walla Valley Syrah 2003,87,"Walla Walla Valley, Columbia Valley, Washington"
427,L-Ecole 41 Walla Walla Valley Syrah 2004,91,"Walla Walla Valley, Columbia Valley, Washington"
428,Ledge Catacombs Red Blend 2011,91,California
429,Ledge Vineyard Drive Red Blend 2012,93,"Paso Robles, Central Coast, California"
430,Leese-Fitch Cabernet Sauvignon 2015,90,California
431,Leese-Fitch Cabernet Sauvignon 2016,90,California
432,Leese-Fitch Chardonnay 2015,90,California
433,Leese-Fitch Chardonnay 2016,90,California
434,Leese-Fitch Chardonnay 2017,90,California
435,Leese-Fitch Pinot Noir 2016,88,California
436,Leese-Fitch Sauvignon Blanc 2010,90,California
437,Leese-Fitch Sauvignon Blanc 2015,89,California
440,Leeuwin Estate Art Series Cabernet Sauvignon 1997,91,"Margaret River, Western Australia, Australia"
441,Leeuwin Estate Art Series Cabernet Sauvignon 1998,92,"Margaret River, Western Australia, Australia"
442,Leeuwin Estate Art Series Cabernet Sauvignon 1999,94,"Margaret River, Western Australia, Australia"
443,Leeuwin Estate Art Series Cabernet Sauvignon 2001,91,"Margaret River, Western Australia, Australia"
444,Leeuwin Estate Art Series Cabernet Sauvignon 2002,90,"Margaret River, Western Australia, Australia"
445,Leeuwin Estate Art Series Cabernet Sauvignon 2003,90,"Margaret River, Western Australia, Australia"
446,Leeuwin Estate Art Series Cabernet Sauvignon 2005,90,"Margaret River, Western Australia, Australia"
447,Leeuwin Estate Art Series Cabernet Sauvignon 2006,90,"Margaret River, Western Australia, Australia"
448,Leeuwin Estate Art Series Cabernet Sauvignon 2007,91,"Margaret River, Western Australia, Australia"
449,Leeuwin Estate Art Series Cabernet Sauvignon 2008,90,"Margaret River, Western Australia, Australia"
450,Leeuwin Estate Art Series Cabernet Sauvignon 2009,90,"Margaret River, Western Australia, Australia"
451,Leeuwin Estate Art Series Cabernet Sauvignon 2010,90,"Margaret River, Western Australia, Australia"
452,Leeuwin Estate Art Series Cabernet Sauvignon 2011,90,"Margaret River, Western Australia, Australia"
453,Leeuwin Estate Art Series Cabernet Sauvignon 2013,92,"Margaret River, Western Australia, Australia"
454,Leeuwin Estate Art Series Cabernet Sauvignon 2012,90,"Margaret River, Western Australia, Australia"
455,Leeuwin Estate Art Series Cabernet Sauvignon 2015,92,"Margaret River, Western Australia, Australia"
456,Leeuwin Estate Art Series Chardonnay 1998,94,"Margaret River, Western Australia, Australia"
457,Leeuwin Estate Art Series Chardonnay 2000,93,"Margaret River, Western Australia, Australia"
458,Leeuwin Estate Art Series Chardonnay 1999,95,"Margaret River, Western Australia, Australia"
459,Leeuwin Estate Art Series Chardonnay 2002,96,"Margaret River, Western Australia, Australia"
460,Leeuwin Estate Art Series Chardonnay 2003,94,"Margaret River, Western Australia, Australia"
461,Leeuwin Estate Art Series Chardonnay 2004,91,"Margaret River, Western Australia, Australia"
462,Leeuwin Estate Art Series Chardonnay 2001,98,"Margaret River, Western Australia, Australia"
463,Leeuwin Estate Art Series Chardonnay 2005,94,"Margaret River, Western Australia, Australia"
464,Leeuwin Estate Art Series Chardonnay 2006,91,"Margaret River, Western Australia, Australia"
465,Leeuwin Estate Art Series Chardonnay 2007,93,"Margaret River, Western Australia, Australia"
466,Leeuwin Estate Art Series Chardonnay 2010,93,"Margaret River, Western Australia, Australia"
467,Leeuwin Estate Art Series Chardonnay 2011,92,"Margaret River, Western Australia, Australia"
468,Leeuwin Estate Art Series Chardonnay 2013,93,"Margaret River, Western Australia, Australia"
469,Leeuwin Estate Art Series Chardonnay 2009,93,"Margaret River, Western Australia, Australia"
470,Leeuwin Estate Art Series Chardonnay 2012,92,"Margaret River, Western Australia, Australia"
471,Leeuwin Estate Art Series Chardonnay 2014,94,"Margaret River, Western Australia, Australia"
472,Leeuwin Estate Art Series Chardonnay 2008,93,"Margaret River, Western Australia, Australia"
473,Leeuwin Estate Art Series Riesling 2001,90,"Margaret River, Western Australia, Australia"
474,Leeuwin Estate Art Series Riesling 2006,95,"Margaret River, Western Australia, Australia"
475,Leeuwin Estate Art Series Riesling 2004,90,"Margaret River, Western Australia, Australia"
476,Leeuwin Estate Art Series Riesling 2008,90,"Margaret River, Western Australia, Australia"
477,Leeuwin Estate Art Series Riesling 2010,90,"Margaret River, Western Australia, Australia"
478,Leeuwin Estate Art Series Riesling 2002,90,"Margaret River, Western Australia, Australia"
479,Leeuwin Estate Art Series Riesling 2011,90,"Margaret River, Western Australia, Australia"
480,Leeuwin Estate Art Series Riesling 2012,91,"Margaret River, Western Australia, Australia"
481,Leeuwin Estate Art Series Riesling 2013,91,"Margaret River, Western Australia, Australia"
482,Leeuwin Estate Art Series Riesling 2014,90,"Margaret River, Western Australia, Australia"
483,Leeuwin Estate Art Series Riesling 2015,90,"Margaret River, Western Australia, Australia"
484,Leeuwin Estate Art Series Shiraz 1999,88,"Margaret River, Western Australia, Australia"
485,Leeuwin Estate Art Series Shiraz 2000,90,"Margaret River, Western Australia, Australia"
486,Leeuwin Estate Art Series Shiraz 2007,90,"Margaret River, Western Australia, Australia"
487,Leeuwin Estate Art Series Shiraz 2009,91,"Margaret River, Western Australia, Australia"
488,Leeuwin Estate Art Series Shiraz 2010,90,"Margaret River, Western Australia, Australia"
489,Leeuwin Estate Art Series Shiraz 2012,90,"Margaret River, Western Australia, Australia"
490,Leeuwin Estate Art Series Shiraz 2011,90,"Margaret River, Western Australia, Australia"
491,Leeuwin Estate Art Series Shiraz 2013,90,"Margaret River, Western Australia, Australia"
492,Leeuwin Estate Art Series Shiraz 2014,90,"Margaret River, Western Australia, Australia"
493,Leeuwin Estate Margaret River Riesling 2000,88,"Margaret River, Western Australia, Australia"
494,Leeuwin Estate Margaret River Riesling 1999,90,"Margaret River, Western Australia, Australia"
495,Leeuwin Estate Prelude Cabernet Merlot (stained label) 1997,90,"Margaret River, Western Australia, Australia"
496,Leeuwin Estate Prelude Vineyards Cabernet Sauvignon 2013,90,"Margaret River, Western Australia, Australia"
497,Leeuwin Estate Prelude Vineyards Cabernet Sauvignon 2014,92,"Margaret River, Western Australia, Australia"
498,Leeuwin Estate Prelude Vineyards Chardonnay 2001,91,"Margaret River, Western Australia, Australia"
499,Leeuwin Estate Prelude Vineyards Chardonnay 2000,90,"Margaret River, Western Australia, Australia"
500,Leeuwin Estate Prelude Vineyards Chardonnay 2004,91,"Margaret River, Western Australia, Australia"
501,Leeuwin Estate Prelude Vineyards Chardonnay 2003,91,"Margaret River, Western Australia, Australia"
502,Leeuwin Estate Prelude Vineyards Chardonnay 2006,90,"Margaret River, Western Australia, Australia"
503,Leeuwin Estate Prelude Vineyards Chardonnay 2007,90,"Margaret River, Western Australia, Australia"
504,Leeuwin Estate Prelude Vineyards Chardonnay 1999,90,"Margaret River, Western Australia, Australia"
505,Leeuwin Estate Prelude Vineyards Chardonnay 2009,90,"Margaret River, Western Australia, Australia"
506,Leeuwin Estate Prelude Vineyards Chardonnay 2010,90,"Margaret River, Western Australia, Australia"
507,Leeuwin Estate Prelude Vineyards Chardonnay 2011,91,"Margaret River, Western Australia, Australia"
508,Leeuwin Estate Prelude Vineyards Chardonnay 2012,91,"Margaret River, Western Australia, Australia"
509,Leeuwin Estate Prelude Vineyards Chardonnay 2013,90,"Margaret River, Western Australia, Australia"
510,Leeuwin Estate Prelude Vineyards Chardonnay 2014,90,"Margaret River, Western Australia, Australia"
511,Leeuwin Estate Prelude Vineyards Chardonnay 2015,90,"Margaret River, Western Australia, Australia"
512,Leeuwin Estate Prelude Vineyards Chardonnay 2018,91,"Margaret River, Western Australia, Australia"
513,Leeuwin Estate Prelude Vineyards Chardonnay 2016,90,"Margaret River, Western Australia, Australia"
514,Leeuwin Estate Siblings Sauvignon Blanc 2018,89,"Margaret River, Western Australia, Australia"
515,Leeuwin Estate Siblings Sauvignon Blanc Semillon 1999,85,"Margaret River, Western Australia, Australia"
516,Leeuwin Estate Siblings Sauvignon Blanc Semillon 2002,91,"Margaret River, Western Australia, Australia"
517,Leeuwin Estate Siblings Sauvignon Blanc Semillon 2004,90,"Margaret River, Western Australia, Australia"
518,Leeuwin Estate Siblings Sauvignon Blanc Semillon 2011,89,"Margaret River, Western Australia, Australia"
519,Leeuwin Estate Siblings Sauvignon Blanc Semillon 2014,90,"Margaret River, Western Australia, Australia"
520,Leeuwin Estate Siblings Sauvignon Blanc Semillon 2015,90,"Margaret River, Western Australia, Australia"
521,Leeuwin Estate Siblings Sauvignon Blanc Semillon 2016,89,"Margaret River, Western Australia, Australia"
522,Leeuwin Estate Siblings Shiraz 2003,88,"Margaret River, Western Australia, Australia"
523,Leeuwin Estate Siblings Shiraz 2007,90,"Margaret River, Western Australia, Australia"
524,Leeuwin Estate Siblings Shiraz 2004,89,"Margaret River, Western Australia, Australia"
525,Leeuwin Estate Siblings Shiraz 2012,90,"Margaret River, Western Australia, Australia"
526,Leeuwin Estate Siblings Shiraz 2014,91,"Margaret River, Western Australia, Australia"
527,Leeuwin Estate Siblings Shiraz 2013,90,"Margaret River, Western Australia, Australia"
528,Left Coast Cellars Cali-s Cuvee Pinot Noir 2006,91,"Willamette Valley, Oregon"
529,Left Coast Cellars Cali-s Cuvee Pinot Noir 2013,90,"Willamette Valley, Oregon"
530,Left Coast Cellars Cali-s Cuvee Pinot Noir 2014,91,"Willamette Valley, Oregon"
531,Left Coast Cellars Cali-s Cuvee Pinot Noir 2016,90,"Willamette Valley, Oregon"
532,Left Coast Cellars Latitude 45 Pinot Noir 2014,92,"Willamette Valley, Oregon"
533,Left Coast Cellars The Orchards Pinot Gris 2009,90,"Willamette Valley, Oregon"
534,Legacy Red 2013,95,"Alexander Valley, Sonoma County, California"
535,Legaris Crianza 2005,90,"Ribera del Duero, Spain"
536,Legaris Crianza 2009,90,"Ribera del Duero, Spain"
537,Legaris Crianza 2010,90,"Ribera del Duero, Spain"
538,Legaris Crianza 2012,90,"Ribera del Duero, Spain"
539,Lemelson Chardonnay Reserve 2012,91,Oregon
540,Lemelson Dry Riesling 2008,90,"Willamette Valley, Oregon"
541,Lemelson Dry Riesling 2009,91,"Willamette Valley, Oregon"
542,Lemelson Dry Riesling 2012,90,"Willamette Valley, Oregon"
543,Lemelson Jerome Reserve Pinot Noir 2012,91,"Willamette Valley, Oregon"
544,Lemelson Dry Riesling 2015,89,"Dundee Hills, Willamette Valley, Oregon"
545,Lemelson Meyer Vineyard Pinot Noir 2012,91,"Dundee Hills, Willamette Valley, Oregon"
546,Lemelson Meyer Vineyard Pinot Noir 2015,90,"Dundee Hills, Willamette Valley, Oregon"
547,Lemelson Stermer Vineyard Pinot Noir 2014,92,"Yamhill-Carlton District, Willamette Valley, Oregon"
548,Lemelson Thea-s Select Pinot Noir 2000,88,Oregon
549,Lemelson Thea-s Select Pinot Noir 2006,90,"Willamette Valley, Oregon"
550,Lemelson Thea-s Select Pinot Noir 2012,90,Oregon
551,Lemelson Thea-s Select Pinot Noir 2014,92,"Willamette Valley, Oregon"
552,Lemelson Thea-s Select Pinot Noir 2015,91,"Willamette Valley, Oregon"
553,Lengs and Cooter Shiraz The Victor 2005,90,"McLaren Vale, South Australia, Australia"
554,Lengs and Cooter Shiraz The Victor 2006,91,"McLaren Vale, South Australia, Australia"
555,Lengs and Cooter The Victor 2002,90,Australia
556,Leo Steen Ascona Vineyard Cabernet Franc 2017,91,"Santa Cruz Mountains, California"
557,Leo Steen Jurassic Vineyard Chenin Blanc 2012,94,"Santa Ynez Valley, Santa Barbara, Central Coast, California"
558,Leo Steen Jurassic Vineyard Chenin Blanc 2013,94,"Santa Ynez Valley, Santa Barbara, Central Coast, California"
559,Leo Steen Chardonnay 2015,94,"Santa Cruz Mountains, California"
560,Leo Steen Jurassic Vineyard Chenin Blanc 2015,93,"Santa Ynez Valley, Santa Barbara, Central Coast, California"
561,Leo Steen Jurassic Vineyard Chenin Blanc 2016,90,"Santa Ynez Valley, Santa Barbara, Central Coast, California"
562,Leo Steen Peaberry Chenin Blanc 2016,93,"Mendocino, California"
563,Leo Steen Provisor Vineyard Grenache 2016,90,"Dry Creek Valley, Sonoma County, California"
564,Leo Steen Provisor Vineyard Grenache 2015,93,"Dry Creek Valley, Sonoma County, California"
565,Leo Steen Saini Vineyard Chenin Blanc 2015,92,"Dry Creek Valley, Sonoma County, California"
566,Leo Steen Saini Vineyard Chenin Blanc 2016,90,"Dry Creek Valley, Sonoma County, California"
567,Leo Steen Scala Vineyard Syrah 2013,93,"Sonoma Mountain, Sonoma Valley, Sonoma County, California"
568,Leone de Castris Primitivo di Manduria Villa Santera 2009,90,Italy
569,Leone de Castris Salice Salentino Riserva 2006,90,Italy
570,Leone de Castris Salice Salentino Riserva 2007,91,Italy
571,Leone de Castris Salice Salentino Riserva 2010,89,"Puglia, Italy"
572,Leone de Castris Salice Salentino Riserva 2011,91,"Puglia, Italy"
573,Leone de Castris Salice Salentino Riserva 2014,89,Italy
574,Leone de Castris Salice Salentino Riserva 2015,89,Italy
575,Leonetti Cabernet Sauvignon (1.5 Liter Magnum) 2014,93,"Walla Walla Valley, Columbia Valley, Washington"
576,Leone de Castris Verdeca Bianco Messapia 2009,90,Italy
577,Leonetti Cabernet Sauvignon 1994,91,"Columbia Valley, Washington"
578,Leonetti Cabernet Sauvignon 1995,91,"Columbia Valley, Washington"
579,Leonetti Cabernet Sauvignon 1997,90,"Columbia Valley, Washington"
580,Leonetti Cabernet Sauvignon 1998,93,"Walla Walla Valley, Columbia Valley, Washington"
581,Leonetti Cabernet Sauvignon 2001,92,"Walla Walla Valley, Columbia Valley, Washington"
582,Leonetti Cabernet Sauvignon 2000,93,"Walla Walla Valley, Columbia Valley, Washington"
583,Leonetti Cabernet Sauvignon 2005,94,"Walla Walla Valley, Columbia Valley, Washington"
584,Leonetti Cabernet Sauvignon 2010,91,"Walla Walla Valley, Columbia Valley, Washington"
585,Leonetti Cabernet Sauvignon 2011,91,"Walla Walla Valley, Columbia Valley, Washington"
586,Leonetti Cabernet Sauvignon 2012,93,"Walla Walla Valley, Columbia Valley, Washington"
587,Leonetti Cabernet Sauvignon 2013,92,"Walla Walla Valley, Columbia Valley, Washington"
588,Leonetti Cabernet Sauvignon 2014,93,"Walla Walla Valley, Columbia Valley, Washington"
589,Leonetti Cabernet Sauvignon 2015,92,"Walla Walla Valley, Columbia Valley, Washington"
590,Leonetti Cabernet Sauvignon (damaged label) 2007,91,"Walla Walla Valley, Columbia Valley, Washington"
591,Leonetti Cabernet Sauvignon (damaged label) 2009,91,"Walla Walla Valley, Columbia Valley, Washington"
592,Leonetti Merlot 1993,91,Washington
593,Leonetti Merlot 1995,90,"Columbia Valley, Washington"
594,Leonetti Merlot 1997,91,"Columbia Valley, Washington"
595,Leonetti Merlot 1998,93,"Columbia Valley, Washington"
596,Leonetti Merlot 1999,92,"Columbia Valley, Washington"
597,Leonetti Merlot 2001,90,"Columbia Valley, Washington"
598,Leonetti Merlot 2003,95,"Walla Walla Valley, Columbia Valley, Washington"
599,Leonetti Merlot 2004,91,"Walla Walla Valley, Columbia Valley, Washington"
600,Leonetti Merlot 2005,94,"Walla Walla Valley, Columbia Valley, Washington"
601,Leonetti Merlot 2007,91,"Walla Walla Valley, Columbia Valley, Washington"
602,Leonetti Merlot 2006,91,"Walla Walla Valley, Columbia Valley, Washington"
603,Leonetti Merlot 2008,92,"Walla Walla Valley, Columbia Valley, Washington"
604,Leonetti Merlot 2012,94,"Walla Walla Valley, Columbia Valley, Washington"
605,Leonetti Merlot 2010,93,"Walla Walla Valley, Columbia Valley, Washington"
606,Leonetti Merlot 2013,92,"Walla Walla Valley, Columbia Valley, Washington"
607,Leonetti Merlot 2015,93,"Walla Walla Valley, Columbia Valley, Washington"
608,Leonetti Merlot 2014,91,"Walla Walla Valley, Columbia Valley, Washington"
609,Leonetti Merlot 2016,92,"Walla Walla Valley, Columbia Valley, Washington"
610,Leonetti Merlot (loose foil capsule) 2000,91,"Columbia Valley, Washington"
611,Leonetti Merlot (scuffed labels) 2011,91,"Walla Walla Valley, Columbia Valley, Washington"
612,Leonetti Reserve 1998,92,"Walla Walla Valley, Columbia Valley, Washington"
613,Leonetti Reserve 2002,91,"Walla Walla Valley, Columbia Valley, Washington"
614,Leonetti Reserve 2005,97,"Walla Walla Valley, Columbia Valley, Washington"
615,Leonetti Reserve 2000,92,"Walla Walla Valley, Columbia Valley, Washington"
616,Leonetti Reserve 2006,93,"Walla Walla Valley, Columbia Valley, Washington"
617,Leonetti Reserve 2011,93,"Walla Walla Valley, Columbia Valley, Washington"
618,Leonetti Reserve 2012,94,"Walla Walla Valley, Columbia Valley, Washington"
619,Leonetti Reserve 2014,93,"Walla Walla Valley, Columbia Valley, Washington"
620,Leonetti Reserve 2013,91,"Walla Walla Valley, Columbia Valley, Washington"
621,Leonetti Reserve 2015,93,"Walla Walla Valley, Columbia Valley, Washington"
622,Leonetti Reserve (torn label) 2007,96,"Walla Walla Valley, Columbia Valley, Washington"
623,Leonetti Reserve (torn label) 2008,93,"Walla Walla Valley, Columbia Valley, Washington"
624,Leonetti Sangiovese 2005,91,"Walla Walla Valley, Columbia Valley, Washington"
625,Leonetti Sangiovese 2000,91,"Walla Walla Valley, Columbia Valley, Washington"
626,Leonetti Sangiovese 2006,92,"Walla Walla Valley, Columbia Valley, Washington"
627,Leonetti Sangiovese 2007,91,"Walla Walla Valley, Columbia Valley, Washington"
628,Leonetti Sangiovese 2008,91,"Walla Walla Valley, Columbia Valley, Washington"
629,Leonetti Sangiovese 2009,91,"Walla Walla Valley, Columbia Valley, Washington"
630,Leonetti Sangiovese 2011,90,"Walla Walla Valley, Columbia Valley, Washington"
631,Leonetti Sangiovese 2010,92,"Walla Walla Valley, Columbia Valley, Washington"
632,Leonetti Sangiovese 2013,91,"Walla Walla Valley, Columbia Valley, Washington"
633,Leonetti Sangiovese 2012,92,"Walla Walla Valley, Columbia Valley, Washington"
634,Leonetti Sangiovese 2014,92,"Walla Walla Valley, Columbia Valley, Washington"
635,Leonetti Seven Hills Vineyard Reserve Cabernet Sauvignon 1996,90,"Columbia Valley, Washington"
636,Les Alexandrins Cornas 2016,91,"Cornas, Rhone, France"
637,Les Alexandrins Domaine Crozes-Hermitage 2016,91,"Crozes-Hermitage, Rhone, France"
638,Les Alexandrins Domaine Saint-Joseph 2015,91,"Saint-Joseph, Rhone, France"
639,Les Alexandrins Domaine Saint-Joseph 2016,90,"Saint-Joseph, Rhone, France"
640,Les Alexandrins Maison Crozes-Hermitage 2016,93,"Crozes-Hermitage, Rhone, France"
641,Les Alexandrins Syrah 2018,90,"Vin de France, France"
642,Les Alexandrins Terrasses de l-Eridan Cotes du Rhone Blanc 2017,89,"Cotes du Rhone, Rhone, France"
643,Les Alexandrins Terrasses de l-Eridan Cotes du Rhone Rouge 2017,89,"Cotes du Rhone, Rhone, France"
644,Les Asteries 2005,90,"St. Emilion, Bordeaux, France"
645,Les Asteries 2007,90,"St. Emilion, Bordeaux, France"
646,Les Asteries 2008,93,"St. Emilion, Bordeaux, France"
647,Les Asteries 2009,92,"St. Emilion, Bordeaux, France"
648,Les Asteries 2011,93,"St. Emilion, Bordeaux, France"
649,Les Asteries 2010,94,"St. Emilion, Bordeaux, France"
650,Les Clefs d-Or Les Craus Centenaires 2015,93,"Chateauneuf-du-Pape, Rhone, France"
651,Les Clefs d-Or Les Craus Centenaires 2009,92,"Chateauneuf-du-Pape, Rhone, France"
652,Les Clefs d-Or Les Craus Centenaires 2010,92,"Chateauneuf-du-Pape, Rhone, France"
653,Les Cretes Coteau La Tour 2008,93,Italy
654,Les Cretes Le Sommet Nebbiolo 2016,91,"Valle d-Aosta, Italy"
655,Les Cretes Les Abeilles 2006,91,"Valle d-Aosta, Italy"
656,Les Cretes Valle d-Aosta Chardonnay 2010,92,Italy
657,Les Cretes Valle d-Aosta Cuvee Bois Chardonnay 2016,94,"Valle d-Aosta, Italy"
658,Les Forts de Latour 1996,90,"Pauillac, Bordeaux, France"
659,Les Forts de Latour 1999,90,"Pauillac, Bordeaux, France"
660,Les Forts de Latour 2000,92,"Pauillac, Bordeaux, France"
661,Les Forts de Latour 2001,90,"Pauillac, Bordeaux, France"
662,Les Forts de Latour 2005,91,"Pauillac, Bordeaux, France"
663,Les Forts de Latour 2008,90,"Pauillac, Bordeaux, France"
664,Les Forts de Latour 2009,93,"Pauillac, Bordeaux, France"
665,Les Garrigues Cotes du Rhone 2017,91,"Cotes du Rhone, Rhone, France"
666,Les Halos de Jupiter Chateauneuf-du-Pape 2009,93,"Chateauneuf-du-Pape, Rhone, France"
667,Les Halos de Jupiter Chateauneuf-du-Pape Adrastee 2009,92,"Chateauneuf-du-Pape, Rhone, France"
668,Les Halos de Jupiter Cotes du Rhone 2010,92,"Cotes du Rhone, Rhone, France"
669,Les Hauts de Lagarde Bordeaux Blanc 2013,91,"Bordeaux, France"
670,Les Quatre Tours Coteaux d-Aix en Provence 2016,89,"Coteaux d-Aix-en-Provence, Provence, South of France, France"
671,Les Vignerons d-Estezargues La Granacha Cotes du Rhone Villages Signargues 2008,90,"Cotes du Rhone, Rhone, France"
672,Les Vignerons d-Estezargues La Granacha Cotes du Rhone Villages Signargues 2009,90,"Cotes du Rhone, Rhone, France"
673,Les Vignerons de Tautavel Cotes du Roussillon Villages Tautavel Silex 2012,95,"Cotes du Roussillon-Tautavel, Ctes du Roussillon-Villages, Roussillon, South of France, France"
674,Les Vignerons d-Estezargues La Granacha Cotes du Rhone Villages Signargues 2007,91,"Cotes du Rhone, Rhone, France"
675,Les Vins Breban L-Opale de La Presqu-ile de St-Tropez Provence 2012,90,"Provence, South of France, France"
676,Les Vignes Oublies Coteaux du Languedoc Terrasses du Larzac 2014,91,"Terrasses du Larzac, Languedoc, South of France, France"
677,L-Esprit de Chevalier Pessac Leognan 2000,89,"Pessac-Leognan, Bordeaux, France"
678,Leth Steinagrund Gruner Veltliner 2007,90,Austria
679,Leth Steinagrund Gruner Veltliner 2008,90,Austria
680,Leth Steinagrund Gruner Veltliner 2010,91,Austria
681,Leth Steinagrund Gruner Veltliner 2012,88,Austria
682,Leth Steinagrund Gruner Veltliner 2015,91,Austria
683,Leth Steinagrund Gruner Veltliner 2016,90,Austria
684,Leth Steinagrund Gruner Veltliner 2017,90,Austria
685,Levendi River South Ranch Pinot Noir 2013,91,"Russian River, Sonoma County, California"
686,Levendi Stagecoach Cabernet Sauvignon 2008,94,"Napa Valley, California"
687,Levendi Sweeney Ranch Chardonnay 2010,93,"Napa Valley, California"
688,Levet La Chavaroche Cote Rotie 2013,94,"Cote Rotie, Rhone, France"
689,Levet Les Journaries Cote Rotie 2010,94,"Cote Rotie, Rhone, France"
690,Leviathan (1.5 Liter Magnum) 2016,92,California
691,Leviathan 2010,91,California
692,Leviathan 2011,90,"North Coast, California"
693,Levy & McClellan Proprietary Red 2004,95,"Napa Valley, California"
694,Levy & McClellan Proprietary Red 2005,95,"Napa Valley, California"
695,Lewelling Cabernet Sauvignon 2000,90,"Napa Valley, California"
696,Lewelling Cabernet Sauvignon 2005,92,"St. Helena, Napa Valley, California"
697,Lewelling Cabernet Sauvignon 2001,93,"St. Helena, Napa Valley, California"
698,Lewelling Cabernet Sauvignon 2006,93,"St. Helena, Napa Valley, California"
699,Lewelling Cabernet Sauvignon 2007,95,"St. Helena, Napa Valley, California"
700,Lewelling Cabernet Sauvignon 2009,93,"St. Helena, Napa Valley, California"
701,Lewelling Cabernet Sauvignon 2010,92,"St. Helena, Napa Valley, California"
702,Lewelling Cabernet Sauvignon 2012,92,"St. Helena, Napa Valley, California"
703,Lewelling Wight Vineyard Cabernet Sauvignon 2003,94,"Napa Valley, California"
704,Lewelling Wight Vineyard Cabernet Sauvignon 2005,94,"Napa Valley, California"
705,Lewelling Wight Vineyard Cabernet Sauvignon 2006,94,"St. Helena, Napa Valley, California"
706,Lewelling Wight Vineyard Cabernet Sauvignon 2009,95,"St. Helena, Napa Valley, California"
707,Lewelling Wight Vineyard Cabernet Sauvignon 2008,98,"Napa Valley, California"
708,Lewelling Wight Vineyard Cabernet Sauvignon 2007,98,"St. Helena, Napa Valley, California"
709,Lewelling Wight Vineyard Cabernet Sauvignon 2010,94,"St. Helena, Napa Valley, California"
710,Lewis Cellars Alec-s Blend Red 2002,96,"Napa Valley, California"
711,Lewis Cellars Alec-s Blend Red 2003,91,"Napa Valley, California"
712,Lewis Cellars Alec-s Blend Red 2007,92,"Napa Valley, California"
713,Lewis Cellars Alec-s Blend Red 2009,94,"Napa Valley, California"
714,Lewis Cellars Alec-s Blend Red 2005,92,"Napa Valley, California"
715,Lewis Cellars Alec-s Blend Red 2010,93,"Napa Valley, California"
716,Lewis Cellars Alec-s Blend Red 2014,92,"Napa Valley, California"
717,Lewis Cellars Alec-s Blend Red 2013,94,"Napa Valley, California"
718,Lewis Cellars Alec-s Blend Red 2017,92,"Napa Valley, California"
719,Lewis Cellars Barcaglia Lane Chardonnay 2006,90,"Russian River, Sonoma County, California"
720,Lewis Cellars Barcaglia Lane Chardonnay 2008,90,"Russian River, Sonoma County, California"
721,Lewis Cellars Barcaglia Lane Chardonnay 2009,91,"Russian River, Sonoma County, California"
722,Lewis Cellars Barcaglia Lane Chardonnay 2015,90,"Russian River, Sonoma County, California"
723,Lewis Cellars Barcaglia Lane Chardonnay 2014,92,"Russian River, Sonoma County, California"
724,Lewis Cellars Barcaglia Lane Chardonnay 2017,92,"Russian River, Sonoma County, California"
725,Lewis Cellars Cabernet Sauvignon 2002,96,"Napa Valley, California"
726,Lewis Cellars Cabernet Sauvignon 2004,93,"Napa Valley, California"
727,Lewis Cellars Cabernet Sauvignon 2005,91,"Napa Valley, California"
728,Lewis Cellars Cabernet Sauvignon 2012,94,"Napa Valley, California"
729,Lewis Cellars Cabernet Sauvignon 2015,93,"Napa Valley, California"
730,Lewis Cellars Cabernet Sauvignon 2014,94,"Napa Valley, California"
731,Lewis Cellars Cabernet Sauvignon 2013,95,"Napa Valley, California"
732,Lewis Cellars Cabernet Sauvignon 2017,92,"Napa Valley, California"
733,Lewis Cellars Cuvee L 2005,95,"Napa Valley, California"
734,Lewis Cellars Cuvee L 2006,93,"Napa Valley, California"
735,Lewis Cellars Cuvee L Cabernet Sauvignon 2014,95,"Napa Valley, California"
736,Lewis Cellars Cuvee L Cabernet Sauvignon 2015,96,"Napa Valley, California"
737,Lewis Cellars Hillstone Vineyard Cabernet Sauvignon 2014,94,"Rutherford, Napa Valley, California"
738,Lewis Cellars Hudson Vineyards Syrah 2006,91,"Napa Valley, California"
739,Lewis Cellars Mason-s Cabernet Sauvignon 2003,93,"Napa Valley, California"
740,Lewis Cellars Mason-s Cabernet Sauvignon 2015,91,"Napa Valley, California"
741,Lewis Cellars Mason-s Cabernet Sauvignon 2018,92,"Napa Valley, California"
742,Lewis Cellars Merlot 2000,91,"Napa Valley, California"
743,Lewis Cellars Napa Valley Chardonnay 2008,91,"Napa Valley, California"
744,Lewis Cellars Napa Valley Chardonnay 2015,92,"Napa Valley, California"
745,Lewis Cellars Napa Valley Chardonnay 2014,95,"Napa Valley, California"
746,Lewis Cellars Napa Valley Chardonnay 2016,92,"Napa Valley, California"
747,Lewis Cellars Napa Valley Syrah 2006,93,"Napa Valley, California"
748,Lewis Cellars Napa Valley Syrah 2007,94,"Napa Valley, California"
749,Lewis Cellars Reserve Cabernet Sauvignon (1.5 Liter Magnum) 2011,93,"Napa Valley, California"
750,Lewis Cellars Reserve Cabernet Sauvignon (1.5 Liter Magnum) 2016,93,"Napa Valley, California"
751,Lewis Cellars Reserve Cabernet Sauvignon (1.5L Magnum) 2004,93,"Napa Valley, California"
752,Lewis Cellars Reserve Cabernet Sauvignon 1995,90,"Napa Valley, California"
753,Lewis Cellars Reserve Cabernet Sauvignon 2000,91,"Napa Valley, California"
754,Lewis Cellars Reserve Cabernet Sauvignon 2005,93,"Napa Valley, California"
755,Lewis Cellars Reserve Cabernet Sauvignon 2006,95,"Napa Valley, California"
756,Lewis Cellars Reserve Cabernet Sauvignon 2007,95,"Napa Valley, California"
757,Lewis Cellars Reserve Cabernet Sauvignon 2008,94,"Napa Valley, California"
758,Lewis Cellars Reserve Cabernet Sauvignon 2009,94,"Napa Valley, California"
759,Lewis Cellars Reserve Cabernet Sauvignon 2010,96,"Napa Valley, California"
760,Lewis Cellars Reserve Cabernet Sauvignon 2011,93,"Napa Valley, California"
761,Lewis Cellars Reserve Cabernet Sauvignon 2015,93,"Napa Valley, California"
762,Lewis Cellars Reserve Cabernet Sauvignon 2014,95,"Napa Valley, California"
763,Lewis Cellars Reserve Cabernet Sauvignon 2016,93,"Napa Valley, California"
764,Lewis Cellars Reserve Cabernet Sauvignon (scuffed labels) 2012,96,"Napa Valley, California"
765,Lewis Cellars Reserve Chardonnay 2008,93,"Napa Valley, California"
766,Lewis Cellars Reserve Chardonnay 2015,92,"Napa Valley, California"
767,Lewis Cellars Reserve Chardonnay 2018,93,"Napa Valley, California"
768,Lewis Cellars Reserve Chardonnay 2017,93,"Napa Valley, California"
769,Lewis Cellars Reserve Merlot 1995,92,"Napa Valley, California"
770,Lewis Cellars Sauvignon Blanc 2016,90,"Napa Valley, California"
771,Lewis Cellars Sauvignon Blanc 2018,92,"Napa Valley, California"
772,Lewis Cellars Sonoma Chardonnay 2014,93,"Russian River, Sonoma County, California"
773,Lewis Cellars Sonoma Chardonnay 2015,92,"Russian River, Sonoma County, California"
774,Lewis Cellars Sonoma Chardonnay 2017,92,"Russian River, Sonoma County, California"
775,Lewis Cellars Sonoma Valley Chardonnay 2008,91,"Sonoma County, California"
776,Lewis Cellars Syrah Ethan-s Blend 2005,92,California
777,Lewis Cellars Syrah Ethan-s Blend 2014,93,California
778,Lewis Cellars Syrah Ethan-s Blend 2009,94,California
779,Lexington Apex Red 2011,91,"Santa Cruz Mountains, California"
780,Lexington Gist Ranch Cabernet Sauvignon 2011,91,"Santa Cruz Mountains, California"
